<?xml version="1.0"?>
<pfsense>
	<version>21.7</version>
	<lastchange></lastchange>
	<system>
		<optimization>normal</optimization>
		<hostname>fw-2</hostname>
		<domain>imovies.ch</domain>
		<group>
			<name>all</name>
			<description><![CDATA[All Users]]></description>
			<scope>system</scope>
			<gid>1998</gid>
			<member>0</member>
		</group>
		<group>
			<name>admins</name>
			<description><![CDATA[System Administrators]]></description>
			<scope>system</scope>
			<gid>1999</gid>
			<member>0</member>
			<priv>page-all</priv>
		</group>
		<user>
			<name>admin</name>
			<descr><![CDATA[System Administrator]]></descr>
			<scope>system</scope>
			<groupname>admins</groupname>
			<bcrypt-hash>$2y$10$ToXr.qZNhukmRUOUaddJFOhnn07fs1/9U/M/mUEEXDkW738orfgpK</bcrypt-hash>
			<uid>0</uid>
			<priv>user-shell-access</priv>
		</user>
		<nextuid>2000</nextuid>
		<nextgid>2000</nextgid>
		<timeservers>2.pfsense.pool.ntp.org</timeservers>
		<webgui>
			<protocol>https</protocol>
			<loginautocomplete></loginautocomplete>
			<ssl-certref>618fb721919af</ssl-certref>
			<dashboardcolumns>2</dashboardcolumns>
			<webguicss>pfSense.css</webguicss>
			<logincss>1e3f75;</logincss>
		</webgui>
		<disablenatreflection>yes</disablenatreflection>
		<disablesegmentationoffloading></disablesegmentationoffloading>
		<disablelargereceiveoffloading></disablelargereceiveoffloading>
		<ipv6allow></ipv6allow>
		<maximumtableentries>400000</maximumtableentries>
		<powerd_ac_mode>hadp</powerd_ac_mode>
		<powerd_battery_mode>hadp</powerd_battery_mode>
		<powerd_normal_mode>hadp</powerd_normal_mode>
		<bogons>
			<interval>monthly</interval>
		</bogons>
		<hn_altq_enable></hn_altq_enable>
		<already_run_config_upgrade></already_run_config_upgrade>
		<language>en_US</language>
		<timezone>Etc/UTC</timezone>
		<dns1host></dns1host>
		<dnslocalhost>local</dnslocalhost>
		<maximumstates></maximumstates>
		<aliasesresolveinterval></aliasesresolveinterval>
		<maximumfrags></maximumfrags>
		<reflectiontimeout></reflectiontimeout>
		<firmware>
			<disablecheck></disablecheck>
		</firmware>
		<gitsync>
			<repositoryurl></repositoryurl>
			<branch></branch>
		</gitsync>
		<pkg_repo_conf_path>/usr/local/share/pfSense/pkg/repos/pfSense-repo-252.conf</pkg_repo_conf_path>
	</system>
	<interfaces>
		<wan>
			<enable></enable>
			<if>em0</if>
			<descr><![CDATA[WAN]]></descr>
			<ipaddr>10.0.0.253</ipaddr>
			<subnet>24</subnet>
			<spoofmac></spoofmac>
		</wan>
		<lan>
			<enable></enable>
			<if>em1</if>
			<ipaddr>172.16.0.254</ipaddr>
			<subnet>24</subnet>
			<ipaddrv6></ipaddrv6>
			<subnetv6></subnetv6>
			<media></media>
			<mediaopt></mediaopt>
			<track6-interface>wan</track6-interface>
			<track6-prefix-id>0</track6-prefix-id>
			<gateway></gateway>
			<gatewayv6></gatewayv6>
		</lan>
	</interfaces>
	<staticroutes>
		<route>
			<network>192.168.0.0/24</network>
			<gateway>Firewall1</gateway>
			<descr></descr>
		</route>
	</staticroutes>
	<dhcpd>
		<lan>
			<range>
				<from>192.168.1.100</from>
				<to>192.168.1.199</to>
			</range>
		</lan>
	</dhcpd>
	<dhcpdv6>
		<lan>
			<range>
				<from>::1000</from>
				<to>::2000</to>
			</range>
			<ramode>disabled</ramode>
			<rapriority>medium</rapriority>
		</lan>
	</dhcpdv6>
	<snmpd>
		<syslocation></syslocation>
		<syscontact></syscontact>
		<rocommunity>public</rocommunity>
	</snmpd>
	<diag>
		<ipv6nat>
			<ipaddr></ipaddr>
		</ipv6nat>
	</diag>
	<syslog>
		<filterdescriptions>1</filterdescriptions>
	</syslog>
	<nat>
		<outbound>
			<mode>automatic</mode>
		</outbound>
	</nat>
	<filter>
		<rule>
			<id></id>
			<tracker>1636913777</tracker>
			<type>pass</type>
			<interface>wan</interface>
			<ipprotocol>inet</ipprotocol>
			<tag></tag>
			<tagged></tagged>
			<max></max>
			<max-src-nodes></max-src-nodes>
			<max-src-conn></max-src-conn>
			<max-src-states></max-src-states>
			<statetimeout></statetimeout>
			<statetype><![CDATA[keep state]]></statetype>
			<os></os>
			<source>
				<any></any>
			</source>
			<destination>
				<address>192.168.0.0/24</address>
			</destination>
			<descr></descr>
			<gateway>Firewall1</gateway>
			<updated>
				<time>1636913777</time>
				<username><![CDATA[root@172.16.0.100 (Local Database)]]></username>
			</updated>
			<created>
				<time>1636913777</time>
				<username><![CDATA[root@172.16.0.100 (Local Database)]]></username>
			</created>
		</rule>
		<rule>
			<id></id>
			<tracker>1636810709</tracker>
			<type>pass</type>
			<interface>wan</interface>
			<ipprotocol>inet</ipprotocol>
			<tag></tag>
			<tagged></tagged>
			<max></max>
			<max-src-nodes></max-src-nodes>
			<max-src-conn></max-src-conn>
			<max-src-states></max-src-states>
			<statetimeout></statetimeout>
			<statetype><![CDATA[keep state]]></statetype>
			<os></os>
			<protocol>tcp</protocol>
			<source>
				<any></any>
			</source>
			<destination>
				<address>172.16.0.1</address>
				<port>22</port>
			</destination>
			<descr></descr>
			<updated>
				<time>1636810709</time>
				<username><![CDATA[admin@172.16.0.100 (Local Database)]]></username>
			</updated>
			<created>
				<time>1636810709</time>
				<username><![CDATA[admin@172.16.0.100 (Local Database)]]></username>
			</created>
		</rule>
		<rule>
			<id></id>
			<tracker>1636810710</tracker>
			<type>pass</type>
			<interface>wan</interface>
			<ipprotocol>inet</ipprotocol>
			<tag></tag>
			<tagged></tagged>
			<max></max>
			<max-src-nodes></max-src-nodes>
			<max-src-conn></max-src-conn>
			<max-src-states></max-src-states>
			<statetimeout></statetimeout>
			<statetype><![CDATA[keep state]]></statetype>
			<os></os>
			<protocol>tcp</protocol>
			<source>
				<any></any>
			</source>
			<destination>
				<address>172.16.0.1</address>
				<port>10514</port>
			</destination>
			<descr></descr>
			<updated>
				<time>1636810710</time>
				<username><![CDATA[admin@172.16.0.100 (Local Database)]]></username>
			</updated>
			<created>
				<time>1636810710</time>
				<username><![CDATA[admin@172.16.0.100 (Local Database)]]></username>
			</created>
		</rule>
		<rule>
			<id></id>
			<tracker>1636911937</tracker>
			<type>pass</type>
			<interface>lan</interface>
			<ipprotocol>inet</ipprotocol>
			<tag></tag>
			<tagged></tagged>
			<max></max>
			<max-src-nodes></max-src-nodes>
			<max-src-conn></max-src-conn>
			<max-src-states></max-src-states>
			<statetimeout></statetimeout>
			<statetype><![CDATA[keep state]]></statetype>
			<os></os>
			<source>
				<any></any>
			</source>
			<destination>
				<address>192.168.0.0/24</address>
			</destination>
			<descr></descr>
			<gateway>Firewall1</gateway>
			<created>
				<time>1636911937</time>
				<username><![CDATA[root@172.16.0.100 (Local Database)]]></username>
			</created>
			<updated>
				<time>1636911986</time>
				<username><![CDATA[root@172.16.0.100 (Local Database)]]></username>
			</updated>
		</rule>
		<rule>
			<type>pass</type>
			<ipprotocol>inet</ipprotocol>
			<descr><![CDATA[Default allow LAN to any rule]]></descr>
			<interface>lan</interface>
			<tracker>0100000101</tracker>
			<source>
				<network>lan</network>
			</source>
			<destination>
				<any></any>
			</destination>
		</rule>
		<rule>
			<type>pass</type>
			<ipprotocol>inet6</ipprotocol>
			<descr><![CDATA[Default allow LAN IPv6 to any rule]]></descr>
			<interface>lan</interface>
			<tracker>0100000102</tracker>
			<source>
				<network>lan</network>
			</source>
			<destination>
				<any></any>
			</destination>
		</rule>
		<separator>
			<wan></wan>
		</separator>
	</filter>
	<shaper></shaper>
	<ipsec>
		<vtimaps></vtimaps>
	</ipsec>
	<aliases></aliases>
	<proxyarp></proxyarp>
	<cron>
		<item>
			<minute>*/1</minute>
			<hour>*</hour>
			<mday>*</mday>
			<month>*</month>
			<wday>*</wday>
			<who>root</who>
			<command>/usr/sbin/newsyslog</command>
		</item>
		<item>
			<minute>1</minute>
			<hour>3</hour>
			<mday>*</mday>
			<month>*</month>
			<wday>*</wday>
			<who>root</who>
			<command>/etc/rc.periodic daily</command>
		</item>
		<item>
			<minute>15</minute>
			<hour>4</hour>
			<mday>*</mday>
			<month>*</month>
			<wday>6</wday>
			<who>root</who>
			<command>/etc/rc.periodic weekly</command>
		</item>
		<item>
			<minute>30</minute>
			<hour>5</hour>
			<mday>1</mday>
			<month>*</month>
			<wday>*</wday>
			<who>root</who>
			<command>/etc/rc.periodic monthly</command>
		</item>
		<item>
			<minute>1,31</minute>
			<hour>0-5</hour>
			<mday>*</mday>
			<month>*</month>
			<wday>*</wday>
			<who>root</who>
			<command>/usr/bin/nice -n20 adjkerntz -a</command>
		</item>
		<item>
			<minute>1</minute>
			<hour>3</hour>
			<mday>1</mday>
			<month>*</month>
			<wday>*</wday>
			<who>root</who>
			<command>/usr/bin/nice -n20 /etc/rc.update_bogons.sh</command>
		</item>
		<item>
			<minute>1</minute>
			<hour>1</hour>
			<mday>*</mday>
			<month>*</month>
			<wday>*</wday>
			<who>root</who>
			<command>/usr/bin/nice -n20 /etc/rc.dyndns.update</command>
		</item>
		<item>
			<minute>*/60</minute>
			<hour>*</hour>
			<mday>*</mday>
			<month>*</month>
			<wday>*</wday>
			<who>root</who>
			<command>/usr/bin/nice -n20 /usr/local/sbin/expiretable -v -t 3600 virusprot</command>
		</item>
		<item>
			<minute>30</minute>
			<hour>12</hour>
			<mday>*</mday>
			<month>*</month>
			<wday>*</wday>
			<who>root</who>
			<command>/usr/bin/nice -n20 /etc/rc.update_urltables</command>
		</item>
		<item>
			<minute>1</minute>
			<hour>0</hour>
			<mday>*</mday>
			<month>*</month>
			<wday>*</wday>
			<who>root</who>
			<command>/usr/bin/nice -n20 /etc/rc.update_pkg_metadata</command>
		</item>
	</cron>
	<wol></wol>
	<rrd>
		<enable></enable>
	</rrd>
	<widgets>
		<sequence>system_information:col1:show,netgate_services_and_support:col2:show,interfaces:col2:show</sequence>
		<period>10</period>
	</widgets>
	<openvpn></openvpn>
	<dnshaper></dnshaper>
	<unbound>
		<dnssec></dnssec>
		<active_interface>all</active_interface>
		<outgoing_interface>all</outgoing_interface>
		<custom_options></custom_options>
		<hideidentity></hideidentity>
		<hideversion></hideversion>
		<dnssecstripped></dnssecstripped>
		<port></port>
		<tlsport></tlsport>
		<sslcertref>618fb721919af</sslcertref>
		<system_domain_local_zone_type>transparent</system_domain_local_zone_type>
	</unbound>
	<revision>
		<time>1636811276</time>
		<description><![CDATA[admin@172.16.0.100 (Local Database): Saved static route configuration.]]></description>
		<username><![CDATA[admin@172.16.0.100 (Local Database)]]></username>
	</revision>
	<ppps></ppps>
	<gateways>
		<gateway_item>
			<interface>wan</interface>
			<gateway>10.0.0.254</gateway>
			<name>Firewall1</name>
			<weight>1</weight>
			<ipprotocol>inet</ipprotocol>
			<descr><![CDATA[fw-1.imovies.ch]]></descr>
			<monitor_disable></monitor_disable>
			<action_disable></action_disable>
		</gateway_item>
	</gateways>
	<cert>
		<refid>618fb721919af</refid>
		<descr><![CDATA[webConfigurator default (618fb721919af)]]></descr>
		<type>server</type>
		<crt>x</crt>
		<prv>x</prv>
	</cert>
</pfsense>
